source,12-gram overlap,longest verbatim run (chars)
generated,0.11311053984575835,21
generated,0.16452442159383032,25
generated,0.2159383033419023,30
generated,0.2966507177033493,26
generated,0.1722488038277512,22
generated,0.06698564593301436,16
generated,0.014354066985645933,12
generated,0.10047846889952153,15
generated,0.16267942583732056,18
held-out Shakespeare,0.2179930795847751,18
held-out Shakespeare,0.15916955017301038,18
held-out Shakespeare,0.14186851211072665,17
held-out Shakespeare,0.22837370242214533,16
held-out Shakespeare,0.17647058823529413,22
held-out Shakespeare,0.20069204152249134,22
