epoch,train_mse,val_mse
1,5054.321328596461,4687.50390625
2,4769.840685995254,4420.85791015625
3,4457.647781997462,4149.005859375
4,4088.8414332116704,3815.186279296875
5,3668.430316728415,3418.02880859375
6,3209.6511418930336,2936.763671875
7,2729.8831098027526,2536.71728515625
8,2260.782257225875,2097.744140625
9,1807.378912542284,1670.5386962890625
10,1404.3818483379039,1330.8065185546875
11,1053.0842268734923,1016.9332885742188
12,759.9814506993091,707.688720703125
13,534.613614756407,485.04608154296875
14,363.7701424379759,327.1202087402344
15,237.02643167957578,229.48114013671875
16,158.71744692934078,135.0319366455078
17,106.6874131971728,106.640869140625
18,77.68317529583865,65.7941665649414
19,54.103885823288905,44.35917663574219
20,47.65750099049761,38.5228157043457
21,40.281117040966514,30.140342712402344
22,36.4784884991165,27.60080337524414
23,35.36839291556025,25.59989356994629
24,32.17202653661876,24.75299835205078
25,32.96274493320341,21.888282775878906
26,33.021614652139206,19.14678955078125
27,29.30794828058578,16.93182373046875
28,33.25028571190473,19.04799461364746
29,28.746184651924192,15.757237434387207
30,31.181152892406484,17.491104125976562
31,30.019292382999733,17.02497673034668
32,29.183964919948025,17.04957389831543
33,29.210158436568744,18.891571044921875
34,27.805672378674327,16.864887237548828
35,27.810066712331256,17.87755012512207
36,27.930676037023677,15.618484497070312
37,26.842377120476737,16.397584915161133
38,27.184957397322815,16.440757751464844
39,26.333326096567102,15.387296676635742
40,27.797234914816592,14.31746768951416
41,26.905807913323876,15.247828483581543
42,27.17060928402278,15.658116340637207
43,26.882713301085275,15.151147842407227
44,25.569534835067262,14.78799819946289
45,27.980537440448902,15.746914863586426
46,26.351831207390493,15.391879081726074
47,25.723312624921025,14.598052024841309
48,26.527622658372493,14.495964050292969
49,25.309911794568954,14.220736503601074
50,25.30064987362945,15.152440071105957
51,25.789613174618804,15.663330078125
52,25.001826540740975,14.694681167602539
53,25.029734808864504,15.288105010986328
54,26.048103300866273,16.57647705078125
55,24.483830730849725,15.233598709106445
56,25.470025831591343,15.245586395263672
57,25.9125908402483,15.763606071472168
58,25.2027256260393,14.794730186462402
59,24.608137898568625,14.453598022460938
60,24.414707951189616,13.897696495056152
